0385542690	ISBN_10	480	BOOK	{"image":false,"text":true}	{"thumbnail":"http://books.google.com/books/content?id=Pz4YDQAAQBAJ&printsec=frontcover&img=1&zoom=1&edge=curl&source=gbs_api","smallThumbnail":"http://books.google.com/books/content?id=Pz4YDQAAQBAJ&printsec=frontcover&img=1&zoom=5&edge=curl&source=gbs_api"}	https://books.google.com/books/about/Origin.html?hl=&id=Pz4YDQAAQBAJ	The #1 New York Times Bestseller (October 2017) from the author of The Da Vinci Code. Robert Langdon, Harvard professor of symbology, arrives at the ultramodern Guggenheim Museum Bilbao to attend the unveiling of a discovery that “will change the face of science forever.” The evening’s host is Edmond Kirsch, a forty-year-old billionaire and futurist, and one of Langdon’s first students. But the meticulously orchestrated evening suddenly erupts into chaos, and Kirsch’s precious discovery teeters on the brink of being lost forever. Facing an imminent threat, Langdon is forced to flee. With him is Ambra Vidal, the elegant museum director who worked with Kirsch. They travel to Barcelona on a perilous quest to locate a cryptic password that will unlock Kirsch’s secret. Navigating the dark corridors of hidden history and extreme re­ligion, Langdon and Vidal must evade an enemy whose all-knowing power seems to emanate from Spain’s Royal Palace. They uncover clues that ultimately bring them face-to-face with Kirsch’s shocking discovery…and the breathtaking truth that has long eluded us.	http://books.google.it/books?id=Pz4YDQAAQBAJ&dq=Dan+Brown&hl=&source=gbs_api	http://books.google.it/books?id=Pz4YDQAAQBAJ&printsec=frontcover&dq=Dan+Brown&hl=&cd=9&source=gbs_api	3.5	Anchor	54	153	en	true	NOT_MATURE	1.16.13.0.preview.2	2017-10-03		A Novel	Origin	Dan Brown				Fiction		
0743277716	ISBN_10	528	BOOK	{"image":false,"text":false}	{"thumbnail":"http://books.google.com/books/content?id=kpVvA_M2rnwC&printsec=frontcover&img=1&zoom=1&edge=curl&source=gbs_api","smallThumbnail":"http://books.google.com/books/content?id=kpVvA_M2rnwC&printsec=frontcover&img=1&zoom=5&edge=curl&source=gbs_api"}	https://books.google.com/books/about/Angels_Demons_Special_Illustrated_Editio.html?hl=&id=kpVvA_M2rnwC	The murder of a world-famous physicist raises fears that the Illuminati are operating again after centuries of silence, and religion professor Robert Langdon is called in to assist with the case.	http://books.google.it/books?id=kpVvA_M2rnwC&dq=Dan+Brown&hl=&source=gbs_api	http://books.google.it/books?id=kpVvA_M2rnwC&printsec=frontcover&dq=Dan+Brown&hl=&cd=10&source=gbs_api	5	Simon and Schuster	4	154	en	false	NOT_MATURE	preview-1.0.0	2006-03-28		A Novel	Angels & Demons Special Illustrated Edition	Dan Brown				Fiction		
1616431156	ISBN_10	224	BOOK	{"image":true,"text":false}	{"thumbnail":"http://books.google.com/books/content?id=szF_pLGmJTQC&printsec=frontcover&img=1&zoom=1&edge=curl&source=gbs_api","smallThumbnail":"http://books.google.com/books/content?id=szF_pLGmJTQC&printsec=frontcover&img=1&zoom=5&edge=curl&source=gbs_api"}	https://market.android.com/details?id=book-szF_pLGmJTQC	The scope and tragedy of the thing : the structure of the series -- More things in heaven and earth : going beyond the normal -- As if a man were author of himself : good against evil -- Be absolute for death : life and death -- Power is made perfect in weakness : power and weakness -- To lay down one's life for one's friends : love and sacrifice -- It is essential that you understand this : freedom and determination -- A pretty boring life : the hidden and the ostentatious -- Telling it like it is : the struggle for truth -- They will see God : purity of heart and purity of blood.	https://play.google.com/store/books/details?id=szF_pLGmJTQC&source=gbs_api	http://books.google.it/books?id=szF_pLGmJTQC&printsec=frontcover&dq=J.K.+Rowling&hl=&cd=10&source=gbs_api	3	Paulist Press	3	144	en	true	NOT_MATURE	0.1.0.0.preview.1	2010	{"containsImageBubbles":false,"containsEpubBubbles":false}	A Christian Reading of J.K. Rowling	Baptizing Harry Potter	Luke Bell				Children		
1617845469	ISBN_10	24	BOOK	{"image":true,"text":false}	{"thumbnail":"http://books.google.com/books/content?id=klt7AgAAQBAJ&printsec=frontcover&img=1&zoom=1&edge=curl&source=gbs_api","smallThumbnail":"http://books.google.com/books/content?id=klt7AgAAQBAJ&printsec=frontcover&img=1&zoom=5&edge=curl&source=gbs_api"}	https://market.android.com/details?id=book-klt7AgAAQBAJ	Traces the childhood, education, and career of J.K. Rowling.	https://play.google.com/store/books/details?id=klt7AgAAQBAJ&source=gbs_api	http://books.google.it/books?id=klt7AgAAQBAJ&pg=PA23&dq=J.K.+Rowling&hl=&cd=6&source=gbs_api		ABDO Publishing Company		141	en	false	NOT_MATURE	preview-1.0.0	2010-09-01	{"containsImageBubbles":false,"containsEpubBubbles":false}		JK Rowling	Cari Meister				Juvenile Nonfiction		
1781101582	ISBN_10	302	BOOK	{"image":true,"text":true}	{"thumbnail":"http://books.google.com/books/content?id=9CJWTbd-RYoC&printsec=frontcover&img=1&zoom=1&edge=curl&source=gbs_api","smallThumbnail":"http://books.google.com/books/content?id=9CJWTbd-RYoC&printsec=frontcover&img=1&zoom=5&edge=curl&source=gbs_api"}	https://market.android.com/details?id=book-9CJWTbd-RYoC	Harry Potter è un ragazzo normale, o quantomeno è convinto di esserlo, anche se a volte provoca strani fenomeni, come farsi ricrescere i capelli inesorabilmente tagliati dai perfidi zii. Vive con loro al numero 4 di Privet Drive: una strada di periferia come tante, dove non succede mai nulla fuori dall’ordinario. Finché un giorno, poco prima del suo undicesimo compleanno, riceve una misteriosa lettera che gli rivela la sua vera natura: Harry è un mago e la Scuola di Magia e Stregoneria di Hogwarts è pronta ad accoglierlo...	https://play.google.com/store/books/details?id=9CJWTbd-RYoC&source=gbs_api	http://books.google.it/books?id=9CJWTbd-RYoC&printsec=frontcover&dq=J.K.+Rowling&hl=&cd=1&source=gbs_api	4.5	Pottermore Publishing	54	136	it	true	NOT_MATURE	1.7.7.0.preview.3	2015-12-08	{"containsImageBubbles":false,"containsEpubBubbles":false}		Harry Potter e la Pietra Filosofale	J.K. Rowling				Juvenile Fiction		
8807944987	ISBN_10	212	BOOK	{"image":true,"text":true}	{"thumbnail":"http://books.google.com/books/content?id=2BlYa6ShxE0C&printsec=frontcover&img=1&zoom=1&edge=curl&source=gbs_api","smallThumbnail":"http://books.google.com/books/content?id=2BlYa6ShxE0C&printsec=frontcover&img=1&zoom=5&edge=curl&source=gbs_api"}	https://books.google.com/books/about/I_barbari.html?hl=&id=2BlYa6ShxE0C	“Dovendo riassumere, direi questo: tutti a sentire, nell’aria, un’incomprensibile apocalisse imminente; e, ovunque, questa voce che corre: stanno arrivando i barbari. Vedi menti raffinate scrutare l’arrivo dell’invasione con gli occhi fissi nell’orizzonte della televisione. Professori capaci, dalle loro cattedre, misurano nei silenzi dei loro allievi le rovine che si è lasciato dietro il passaggio di un’orda che, in effetti, nessuno però è riuscito a vedere. E intorno a quel che si scrive o si immagina aleggia lo sguardo smarrito di esegeti che, sgomenti, raccontano una terra saccheggiata da predatori senza cultura.I barbari, eccoli qua.Ora: nel mio mondo scarseggia l’onestà intellettuale, ma non l’intelligenza. Non sono tutti ammattiti. Vedono qualcosa che c’è. Ma quel che c’è, io non riesco a guardarlo con quegli occhi lì. Qualcosa non mi torna.”“Ognuno di noi sta dove stanno tutti, nell’unico luogo che c’è, dentro la corrente della mutazione, dove ciò che ci è noto lo chiamiamo civiltà, e quel che ancora non ha nome, barbarie. A differenza di altri penso che sia un luogo magnifico.”.	http://books.google.it/books?id=2BlYa6ShxE0C&dq=Alessandro+Baricco&hl=&source=gbs_api	http://books.google.it/books?id=2BlYa6ShxE0C&printsec=frontcover&dq=Alessandro+Baricco&hl=&cd=1&source=gbs_api	4	Feltrinelli Editore	3	109	it	true	NOT_MATURE	2.14.13.0.preview.3	2010-10-18T00:00:00+02:00			I barbari	Alessandro Baricco				Fiction		
8809756983	ISBN_10	48	BOOK	{"image":true,"text":true}	{"thumbnail":"http://books.google.com/books/content?id=sqjk03q517EC&printsec=frontcover&img=1&zoom=1&edge=curl&source=gbs_api","smallThumbnail":"http://books.google.com/books/content?id=sqjk03q517EC&printsec=frontcover&img=1&zoom=5&edge=curl&source=gbs_api"}	https://market.android.com/details?id=book-sqjk03q517EC	ePub: FL0418; PDF: FL1497	https://play.google.com/store/books/details?id=sqjk03q517EC&source=gbs_api	http://books.google.it/books?id=sqjk03q517EC&printsec=frontcover&dq=Odissea&hl=&cd=6&source=gbs_api		Giunti Editore		179	it	true	NOT_MATURE	1.20.19.0.preview.3	2010-11-11T00:00:00+01:00	{"containsImageBubbles":false,"containsEpubBubbles":false}		Odissea. I viaggi di Ulisse.	Omero	Tony Wolf	Clementina Coppini		Juvenile Fiction		
8809757130	ISBN_10	80	BOOK	{"image":true,"text":true}	{"thumbnail":"http://books.google.com/books/content?id=OOGP9Kq-YycC&printsec=frontcover&img=1&zoom=1&edge=curl&source=gbs_api","smallThumbnail":"http://books.google.com/books/content?id=OOGP9Kq-YycC&printsec=frontcover&img=1&zoom=5&edge=curl&source=gbs_api"}	https://market.android.com/details?id=book-OOGP9Kq-YycC	ePub: FL0433; PDF: FL1510	https://play.google.com/store/books/details?id=OOGP9Kq-YycC&source=gbs_api	http://books.google.it/books?id=OOGP9Kq-YycC&printsec=frontcover&dq=Odissea&hl=&cd=2&source=gbs_api	1	Giunti Editore	1	175	it	true	NOT_MATURE	1.8.6.0.preview.3	2010-11-11T00:00:00+01:00	{"containsImageBubbles":false,"containsEpubBubbles":false}		Odissea. Le avventure di Ulisse.	Omero	Stelio Martelli			Juvenile Fiction		
8809767268	ISBN_10	250	BOOK	{"image":true,"text":true}	{"thumbnail":"http://books.google.com/books/content?id=z3v8qvjyQKEC&printsec=frontcover&img=1&zoom=1&edge=curl&source=gbs_api","smallThumbnail":"http://books.google.com/books/content?id=z3v8qvjyQKEC&printsec=frontcover&img=1&zoom=5&edge=curl&source=gbs_api"}	https://books.google.com/books/about/Karawan_Dal_deserto_al_web.html?hl=&id=z3v8qvjyQKEC	ePub: FL0703	http://books.google.it/books?id=z3v8qvjyQKEC&dq=Informatica+e+Mestieri&hl=&source=gbs_api	http://books.google.it/books?id=z3v8qvjyQKEC&pg=PT191&dq=Informatica+e+Mestieri&hl=&cd=9&source=gbs_api		Giunti Editore		163	it	false	NOT_MATURE	1.7.7.0.preview.3	2011-06-29T00:00:00+02:00	{"containsImageBubbles":false,"containsEpubBubbles":false}		Karawan. Dal deserto al web	Fatema Mernissi				Social Science		
8852013806	ISBN_10	528	BOOK	{"image":true,"text":true}	{"thumbnail":"http://books.google.com/books/content?id=J2FchRPgC9MC&printsec=frontcover&img=1&zoom=1&edge=curl&source=gbs_api","smallThumbnail":"http://books.google.com/books/content?id=J2FchRPgC9MC&printsec=frontcover&img=1&zoom=5&edge=curl&source=gbs_api"}	https://market.android.com/details?id=book-J2FchRPgC9MC	Una tranquilla notte parigina. Nulla traspare dalla classica e impenetrabile facciata del Louvre. Un dramma si sta consumando al suo interno, nella Grande Galleria. Il vecchio curatore Saunière, ferito a morte, si aggrappa con un ultimo gesto disperato a un dipinto del Caravaggio, fa scattare l'allarme e le grate di ferro all'entrata della sala scendono immediatamente, chiudendo fuori il suo inseguitore. A Saunière restano pochi minuti di vita. Si toglie i vestiti e si distende nella posizione dell'uomo di Vitruvio, il celebre disegno di Leonardo. Accanto a sé, scrive pochi numeri e un solo nome: Robert Langdon, uno studioso di simbologia. A lui toccherà scoprire il mistero che si cela dietro i capolavori di Leonardo. Chi era il pittore rinascimentale? Cosa nascondeva? E, soprattutto, quali enigmi sconvolgenti nascondevano le sue opere? L'America intera si è appassionata al thriller di Dan Brown. Il suo romanzo ha spiegato a milioni di lettori perché, in definitiva, Monna Lisa sorride.	https://play.google.com/store/books/details?id=J2FchRPgC9MC&source=gbs_api	http://books.google.it/books?id=J2FchRPgC9MC&printsec=frontcover&dq=Dan+Brown&hl=&cd=2&source=gbs_api	4	Edizioni Mondadori	18	146	it	true	NOT_MATURE	2.29.30.0.preview.3	2010-10-07			Il codice da Vinci	Dan Brown				Fiction		
8852013814	ISBN_10	564	BOOK	{"image":true,"text":true}	{"thumbnail":"http://books.google.com/books/content?id=hv7hjasiYhoC&printsec=frontcover&img=1&zoom=1&edge=curl&source=gbs_api","smallThumbnail":"http://books.google.com/books/content?id=hv7hjasiYhoC&printsec=frontcover&img=1&zoom=5&edge=curl&source=gbs_api"}	https://market.android.com/details?id=book-hv7hjasiYhoC	Robert Langdon, dopo Il codice Da Vinci , è di nuovo in azione tra implacabili suggestioni, associazioni e intuizioni che lo porteranno alla scoperta di un mistero sepolto nella città eterna.	https://play.google.com/store/books/details?id=hv7hjasiYhoC&source=gbs_api	http://books.google.it/books?id=hv7hjasiYhoC&printsec=frontcover&dq=Dan+Brown&hl=&cd=5&source=gbs_api	4	Edizioni Mondadori	12	149	it	true	NOT_MATURE	2.23.25.0.preview.3	2010-10-07			Angeli e demoni	Dan Brown				Fiction		
8852013822	ISBN_10	540	BOOK	{"image":true,"text":true}	{"thumbnail":"http://books.google.com/books/content?id=zHCQQLq4ks8C&printsec=frontcover&img=1&zoom=1&edge=curl&source=gbs_api","smallThumbnail":"http://books.google.com/books/content?id=zHCQQLq4ks8C&printsec=frontcover&img=1&zoom=5&edge=curl&source=gbs_api"}	https://market.android.com/details?id=book-zHCQQLq4ks8C	Potrebbe essere una scoperta che rivoluziona la storia dell'umanità: la Nasa ha localizzato, sepolto sotto i ghiacci del polo, un meteorite contenente fossili di insetti: la prova definitiva dell'esistenza di vita extraterrestre...	https://play.google.com/store/books/details?id=zHCQQLq4ks8C&source=gbs_api	http://books.google.it/books?id=zHCQQLq4ks8C&printsec=frontcover&dq=Dan+Brown&hl=&cd=8&source=gbs_api	4.5	Edizioni Mondadori	12	152	it	true	NOT_MATURE	2.6.7.0.preview.3	2010-10-07			La verità del ghiaccio	Dan Brown				Fiction		
8852016953	ISBN_10	616	BOOK	{"image":true,"text":true}	{"thumbnail":"http://books.google.com/books/content?id=_yltNA0olusC&printsec=frontcover&img=1&zoom=1&edge=curl&source=gbs_api","smallThumbnail":"http://books.google.com/books/content?id=_yltNA0olusC&printsec=frontcover&img=1&zoom=5&edge=curl&source=gbs_api"}	https://market.android.com/details?id=book-_yltNA0olusC	Nel nuovo capitolo del fenomeno mondiale che è stato Il Codice da Vinci , Dan Brown dimostra ancora una volta di essere uno dei più intelligenti scrittori contemporanei di thriller. Il simbolo perduto è una pietra miliare del genere .	https://play.google.com/store/books/details?id=_yltNA0olusC&source=gbs_api	http://books.google.it/books?id=_yltNA0olusC&printsec=frontcover&dq=Dan+Brown&hl=&cd=4&source=gbs_api	4	Edizioni Mondadori	14	148	it	true	NOT_MATURE	1.22.21.0.preview.3	2010-10-07			Il simbolo perduto	Dan Brown				Fiction		
8852037462	ISBN_10	21	BOOK	{"image":true,"text":true}	{"thumbnail":"http://books.google.com/books/content?id=ArhbGsO30LgC&printsec=frontcover&img=1&zoom=1&edge=curl&source=gbs_api","smallThumbnail":"http://books.google.com/books/content?id=ArhbGsO30LgC&printsec=frontcover&img=1&zoom=5&edge=curl&source=gbs_api"}	https://market.android.com/details?id=book-ArhbGsO30LgC		https://play.google.com/store/books/details?id=ArhbGsO30LgC&source=gbs_api	http://books.google.it/books?id=ArhbGsO30LgC&printsec=frontcover&dq=Dan+Brown&hl=&cd=6&source=gbs_api	4	Edizioni Mondadori	2	150	it	true	NOT_MATURE	0.4.4.0.preview.3	2013-03-18			Inferno. Estratto gratuito	Dan Brown				Fiction		
8852058400	ISBN_10	496	BOOK	{"image":true,"text":true}	{"thumbnail":"http://books.google.com/books/content?id=cJ_YBQAAQBAJ&printsec=frontcover&img=1&zoom=1&edge=curl&source=gbs_api","smallThumbnail":"http://books.google.com/books/content?id=cJ_YBQAAQBAJ&printsec=frontcover&img=1&zoom=5&edge=curl&source=gbs_api"}	https://market.android.com/details?id=book-cJ_YBQAAQBAJ	Il profilo inconfondibile di Dante che ci guarda dalla copertina è il motore mobile di un thriller che di "infernale" ha molto. Il ritmo, prima di tutto, e poi il simbolismo acceso, e infine la complessità dei personaggi che conducono a un esito raro per i romanzi d'azione: instillare nel lettore il fascino del male, addirittura la sua salvifica necessità. Non è affatto sorprendente che lo studioso di simbologia Robert Langdon sia un esperto di Dante, anzi. È naturale che al poeta fiorentino e alla visionarietà con cui tradusse in forme solenni e oscure la temperie della sua epoca tormentata il professore americano abbia dedicato studi e corsi universitari ad Harvard. E quindi è normale che a Firenze Robert Langdon sia di casa, che il David e piazza della Signoria, il giardino di Boboli e Palazzo Vecchio siano per lui uno sfondo familiare, una costellazione culturale e affettiva ben diversa dal palcoscenico turistico percorso in tutti i sensi di marcia da legioni di visitatori. Ma ora è tutto diverso, non c'è niente di normale, nulla che possa rievocare una dolce abitudine. Questa volta è un incubo e la sua conoscenza della città fin nei labirinti delle stradine, dei corridoi dei palazzi, dei passaggi segreti può aiutarlo a salvarsi la vita. Il Robert Langdon che si sveglia in una stanza d'ospedale, stordito, sedato, ferito alla testa, gli abiti insanguinati su una sedia, ricorda infatti a stento il proprio nome, non capisce come sia arrivato a Firenze, chi abbia tentato di ucciderlo e perché i suoi inseguitori non sembrino affatto intenzionati a mollare il colpo. Barcollante, la mente invasa da apparizioni mostruose che ricordano la Morte Nera che flagellò l'Europa medievale e simboli criptici connessi alla prima cantica del Divino poema, le labbra capaci di articolare, nel delirio dell'anestetico, soltanto un incongruo "very sorry", il professore deve scappare. E, aiutato solo dalla giovane dottoressa Sienna Brooks, soccorrevole ma misteriosa come troppe persone e cose intorno a lui, deve scappare da tutti. Comincia una caccia all'uomo in cui schieramenti avversi si potrebbero ritrovare dalla stessa parte, in cui niente è quel che sembra: un'organizzazione chiamata Consortium è ambigua tanto quanto un movimento detto Transumanesimo e uno scienziato come Bertrand Zobrist può elaborare teorie che oscillano tra utopia e aberrazione. Alla fine di un'avventura che raggiunge momenti di insostenibile tensione, Dan Brown ci rivela come nel nostro mondo la distanza tra il bene e il male sia breve in maniera davvero inquietante, catastrofe e salvezza possano essere questione di punti di vista e anche da una laguna a cielo coperto si possa uscire a riveder le stelle. Dan Brown è l'autore del Codice da Vinci, uno dei romanzi più letti di tutti i tempi, e dei bestseller internazionali Il simbolo perduto, Angeli e demoni, La verità del ghiaccio e Crypto. L'autore vive nel New England con la moglie.	https://play.google.com/store/books/details?id=cJ_YBQAAQBAJ&source=gbs_api	http://books.google.it/books?id=cJ_YBQAAQBAJ&printsec=frontcover&dq=Dan+Brown&hl=&cd=3&source=gbs_api	2	Edizioni Mondadori	1	147	it	true	NOT_MATURE	1.19.18.0.preview.3	2015-01-02			Inferno: Edizione Speciale Illustrata	Dan Brown				Fiction		
8852082905	ISBN_10	564	BOOK	{"image":true,"text":true}	{"thumbnail":"http://books.google.com/books/content?id=45U0DwAAQBAJ&printsec=frontcover&img=1&zoom=1&edge=curl&source=gbs_api","smallThumbnail":"http://books.google.com/books/content?id=45U0DwAAQBAJ&printsec=frontcover&img=1&zoom=5&edge=curl&source=gbs_api"}	https://market.android.com/details?id=book-45U0DwAAQBAJ	Chiunque tu sia. In qualunque cosa tu creda. Tutto sta per cambiare. Robert Langdon, professore di simbologia e iconologia religiosa a Harvard, è stato invitato all'avveniristico museo Guggenheim di Bilbao per assistere a un evento unico: la rivelazione che cambierà per sempre la storia dell'umanità e rimetterà in discussione dogmi e principi dati ormai come acquisiti, aprendo la via a un futuro tanto imminente quanto inimmaginabile. Protagonista della serata è Edmond Kirsch, quarantenne miliardario e futurologo, famoso in tutto il mondo per le sbalorditive invenzioni high-tech, le audaci previsioni e l'ateismo corrosivo. Kirsch, che è stato uno dei primi studenti di Langdon e ha con lui un'amicizia ormai ventennale, sta per svelare una stupefacente scoperta che risponderà alle due fondamentali domande: da dove veniamo? E, soprattutto, dove andiamo? Mentre Langdon e centinaia di altri ospiti sono ipnotizzati dall'eclatante e spregiudicata presentazione del futurologo, all'improvviso la serata sfocia nel caos. La preziosa scoperta di Kirsch, prima ancora di essere rivelata, rischia di andare perduta per sempre. Scosso e incalzato da una minaccia incombente, Langdon è costretto a un disperato tentativo di fuga da Bilbao con Ambra Vidal, l'affascinante direttrice del museo che ha collaborato con Kirsch alla preparazione del provocatorio evento. In gioco non ci sono solo le loro vite, ma anche l'inestimabile patrimonio di conoscenza a cui il futurologo ha dedicato tutte le sue energie, ora sull'orlo di un oblio irreversibile. Percorrendo i corridoi più oscuri della storia e della religione, tra forze occulte, crimini mai sepolti e fanatismi incontrollabili, Langdon e Vidal devono sfuggire a un nemico letale il cui onnisciente potere pare emanare dal Palazzo reale di Spagna, e che non si fermerà davanti a nulla pur di ridurre al silenzio Edmond Kirsch. In una corsa mozzafiato contro il tempo, i due protagonisti decifrano gli indizi che li porteranno faccia a faccia con la scioccante scoperta di Kirsch e con la sconvolgente verità che da sempre ci sfugge. Dan Brown ha ambientato la nuova, emozionante avventura del suo personaggio di maggior successo, Robert Langdon, nelle suggestive cornici di Bilbao, Barcellona e Madrid, fra capolavori dell'arte, edifici storici, testi classici e simboli enigmatici. Brillante riflessione sull'eterno conflitto tra scienza e fede e sulle sfide che le nuove tecnologie e l'intelligenza artificiale ci pongono quotidianamente, Origin è un romanzo ricco di spunti colti e di invenzioni narrative, in cui passato e futuro si incontrano in una contemporaneità sorprendente. Edizione speciale con la firma dell'autore	https://play.google.com/store/books/details?id=45U0DwAAQBAJ&source=gbs_api	http://books.google.it/books?id=45U0DwAAQBAJ&printsec=frontcover&dq=Dan+Brown&hl=&cd=1&source=gbs_api	2	Edizioni Mondadori	1	145	it	true	NOT_MATURE	1.17.15.0.preview.3	2017-10-03			Origin (Versione italiana)	Dan Brown				Fiction		
8858800885	ISBN_10	62	BOOK	{"image":true,"text":true}	{"thumbnail":"http://books.google.com/books/content?id=6NMANw8iTFYC&printsec=frontcover&img=1&zoom=1&edge=curl&source=gbs_api","smallThumbnail":"http://books.google.com/books/content?id=6NMANw8iTFYC&printsec=frontcover&img=1&zoom=5&edge=curl&source=gbs_api"}	https://books.google.com/books/about/Novecento.html?hl=&id=6NMANw8iTFYC	Il Virginian era un piroscafo. Negli anni tra le due guerre faceva la spola tra Europa e America, con il suo carico di miliardari, di emigranti e di gente qualsiasi. Dicono che sul Virginian si esibisse ogni sera un pianista straordinario, dalla tecnica strabiliante, capace di suonare una musica mai sentita prima, meravigliosa. Dicono che la sua storia fosse pazzesca, che fosse nato su quella nave e che da lì non fosse mai sceso. Dicono che nessuno sapesse il perché. In forma di monologo, il primo testo teatrale di Alessandro Baricco..	http://books.google.it/books?id=6NMANw8iTFYC&dq=Alessandro+Baricco&hl=&source=gbs_api	http://books.google.it/books?id=6NMANw8iTFYC&printsec=frontcover&dq=Alessandro+Baricco&hl=&cd=2&source=gbs_api	4.5	Feltrinelli Editore	27	110	it	true	NOT_MATURE	0.3.3.0.preview.3	2010-10-18T00:00:00+02:00			Novecento	Alessandro Baricco				Fiction		
8858805135	ISBN_10	96	BOOK	{"image":true,"text":true}	{"thumbnail":"http://books.google.com/books/content?id=YHYzKuyAyvUC&printsec=frontcover&img=1&zoom=1&edge=curl&source=gbs_api","smallThumbnail":"http://books.google.com/books/content?id=YHYzKuyAyvUC&printsec=frontcover&img=1&zoom=5&edge=curl&source=gbs_api"}	https://books.google.com/books/about/Next.html?hl=&id=YHYzKuyAyvUC	Un piccolo libro. Un grande tema. Esiste davvero la globalizzazione? O, in altri termini, esiste davvero un nemico radicale chiamato globalizzazione? Alessandro Baricco prende le mosse da un assunto molto preciso: non dare nulla per scontato. Ecco perché, posto il primo quesito, lo scrittore procede attraverso una serie di ulteriori quesiti e di esemplificazioni alla ricerca di una nitida percezione del fenomeno che abbiamo imparato a chiamare globalizzazione. Prima conclusione: quel che sta accadendo ha certamente un fondamento reale, ma quanta parte del pianeta coinvolge? Ciò che viene avvertito come globale non è piuttosto una direzione, un correre indistinto seguendo le "indicazioni"? Sì, però, come la ferrovie nel West hanno cambiato il mondo, anche ciò che ora punta verso il futuro cambierà il mondo. E allora i no-global? Da che parte vanno? Resistono a un processo sentito come irrimediabilmente "cattivo", sapendo contemporaneamente che in esso sono veicolati degli elementi positivi. Ma in realtà, dice Baricco, "la globalizzazione buona è fatta con gli stessi mattoni della globalizzazione cattiva". E allora? La risposta è molto articolata, ma sostanzialmente fa perno intorno alla capacità di immaginare e anche di sognare. "Così come ce la stanno vendendo la globalizzazione non è un sogno sbagliato: è un sogno piccolo. Arrestato. Bloccato. Ostaggio dell’immaginario di manager e banchieri. Sognare quel sogno al posto loro: questo, e nulla meno di questo, sarebbe il nostro compito".	http://books.google.it/books?id=YHYzKuyAyvUC&dq=Alessandro+Baricco&hl=&source=gbs_api	http://books.google.it/books?id=YHYzKuyAyvUC&printsec=frontcover&dq=Alessandro+Baricco&hl=&cd=5&source=gbs_api		Feltrinelli Editore		113	it	true	NOT_MATURE	1.12.14.0.preview.3	2009-02-26T06:00:00+01:00			Next	Alessandro Baricco				Political Science		
8858810589	ISBN_10	224	BOOK	{"image":true,"text":true}	{"thumbnail":"http://books.google.com/books/content?id=aSohQ9NFIC4C&printsec=frontcover&img=1&zoom=1&edge=curl&source=gbs_api","smallThumbnail":"http://books.google.com/books/content?id=aSohQ9NFIC4C&printsec=frontcover&img=1&zoom=5&edge=curl&source=gbs_api"}	https://market.android.com/details?id=book-aSohQ9NFIC4C	A Quinnipak c’è una locomotiva di nome Elizabeth, la locomotiva del signor Rail. A Quinnipak si suona l’umanofono, lo strumento del signor Pekish. Quinnipak è un luogo dove chi vive o chi ci arriva ha una storia scritta addosso. Quinnipak è un luogo che invano cerchereste sulle carte geografiche. Eppure è là.Il libro è uscito per la prima volta nel 1991.Il libro che nel 1991 ha segnato l’esordio di Baricco come scrittore e che gli valse il Premio Selezione Campiello e Médicis Etranger.	https://play.google.com/store/books/details?id=aSohQ9NFIC4C&source=gbs_api	http://books.google.it/books?id=aSohQ9NFIC4C&printsec=frontcover&dq=Alessandro+Baricco&hl=&cd=6&source=gbs_api		Feltrinelli Editore		114	it	true	NOT_MATURE	2.15.15.0.preview.3	2013-01-02T06:00:00+01:00	{"containsImageBubbles":false,"containsEpubBubbles":false}		Castelli di rabbia	Alessandro Baricco				Fiction		
8858819101	ISBN_10	208	BOOK	{"image":true,"text":true}	{"thumbnail":"http://books.google.com/books/content?id=5nV0BAAAQBAJ&printsec=frontcover&img=1&zoom=1&edge=curl&source=gbs_api","smallThumbnail":"http://books.google.com/books/content?id=5nV0BAAAQBAJ&printsec=frontcover&img=1&zoom=5&edge=curl&source=gbs_api"}	https://market.android.com/details?id=book-5nV0BAAAQBAJ	Phileas Taylor Barnum è stato il più grande impiegato circense della seconda metà dell’Ottocento e il suo nome è diventato sinonimo di spettacolo, di immenso baraccone di portenti. Per Alessandro Baricco, Barnum è il mondo che si squaderna come un Grande Show, come una sequenza ininterrotta di spettacoli: spettacoli che son tali per definizione e spettacoli che son tali loro malgrado, gli uni e gli altri registrati con divertita passione. Scritti da Baricco per una rubrica sulla “Stampa”, i Barnum rivelano, ora raccolti in volume, una partitura segreta di irresistibile fascino. A ritmo serrato entrano in pista Jovanotti e Mike Buongiorno, la faccia di Funari e il popolo della Lega, la voce di Carmelo Bene e quella di Tom Waits, la musica di Michael Nyman e il minimalismo di Philip Glass, Topolino e Carlo Magno, la Liguria e la California, un film sterminato di Wim Wenders e una lunga coda davanti al Louvre. Un circo dentro il circo, un teatro dentro il gran teatro del mondo. Il libro è uscito per la prima volta nel 1995.	https://play.google.com/store/books/details?id=5nV0BAAAQBAJ&source=gbs_api	http://books.google.it/books?id=5nV0BAAAQBAJ&pg=PT65&dq=Alessandro+Baricco&hl=&cd=4&source=gbs_api		Feltrinelli Editore		112	it	false	NOT_MATURE	1.6.6.0.preview.3	2014-09-03T00:00:00+02:00	{"containsImageBubbles":false,"containsEpubBubbles":false}	Cronache dal Grande Show	Barnum	Alessandro Baricco				Fiction		
8858821890	ISBN_10	144	BOOK	{"image":true,"text":true}	{"thumbnail":"http://books.google.com/books/content?id=HxAgCgAAQBAJ&printsec=frontcover&img=1&zoom=1&edge=curl&source=gbs_api","smallThumbnail":"http://books.google.com/books/content?id=HxAgCgAAQBAJ&printsec=frontcover&img=1&zoom=5&edge=curl&source=gbs_api"}	https://market.android.com/details?id=book-HxAgCgAAQBAJ	“Abbiamo tutti sedici, diciassette anni – ma senza saperlo veramente, è l’unica età che possiamo immaginare: a stento sappiamo il passato.” Il libro è uscito per la prima volta nel 2009.	https://play.google.com/store/books/details?id=HxAgCgAAQBAJ&source=gbs_api	http://books.google.it/books?id=HxAgCgAAQBAJ&printsec=frontcover&dq=Alessandro+Baricco&hl=&cd=10&source=gbs_api		Feltrinelli Editore		125	it	true	NOT_MATURE	0.3.3.0.preview.3	2015-07-08T00:00:00+02:00	{"containsImageBubbles":false,"containsEpubBubbles":false}		Emmaus	Alessandro Baricco				Fiction		
8858824512	ISBN_10	176	BOOK	{"image":true,"text":true}	{"thumbnail":"http://books.google.com/books/content?id=4KDfCgAAQBAJ&printsec=frontcover&img=1&zoom=1&edge=curl&source=gbs_api","smallThumbnail":"http://books.google.com/books/content?id=4KDfCgAAQBAJ&printsec=frontcover&img=1&zoom=5&edge=curl&source=gbs_api"}	https://market.android.com/details?id=book-4KDfCgAAQBAJ	Questo volume nasce da un grande progetto di rilettura del poema omerico destinato alla scena teatrale (progetto che si compirà nel settembre 2004). Alessandro Baricco (forte della consulenza della traduttrice Maria Grazia Ciani) smonta e rimonta l'Iliade creando 24 monologhi + 1, corrispondenti ad altrettanti personaggi del poema e al personaggio di un aedo che ci racconta, in chiusura, l'assedio e la caduta di Troia. In questa operazione di rilettura, Baricco "rinuncia" agli dei – notoriamente protagonisti, al pari degli umani, delle vicende legate alla guerra di Troia – e punta esclusivamente sulle figure che si muovono sulla terra, sui campi di battaglia, nei palazzi achei, dietro le mura della città assediata. Tema nodale di questa sequenza di monologhi è naturalmente la guerra, la guerra come desiderio, destino, fascinazione, condanna. Per realizzare questa operazione, teatrale e letteraria insieme, Baricco ha attinto anche all'Odissea e a quelle Iliadi apocrife che dall'antichità sono "circolate" insieme al testo omerico. Ne risulta un "concertato" di voci che – pur nella fedeltà all'originale – rinnova e smuove la percezione delle vicende così come la tradizione scolastica ce le ha passate. Come accade sempre con Alessandro Baricco quando s'avvicina a un testo, per penetrarlo o semplicemente per farcene intendere le risonanze interne, anche qui – o qui in modo più deciso e forte che altrove – avvertiamo un intenso sapore di attualizzazione, riviviscenza, urgenza (anche morale e civile). Sapore confermato da un breve "saggio sulla guerra" che chiude il volume.	https://play.google.com/store/books/details?id=4KDfCgAAQBAJ&source=gbs_api	http://books.google.it/books?id=4KDfCgAAQBAJ&printsec=frontcover&dq=Alessandro+Baricco&hl=&cd=3&source=gbs_api		Feltrinelli Editore		111	it	true	NOT_MATURE	1.7.7.0.preview.3	2013-01-09T00:00:00+01:00	{"containsImageBubbles":false,"containsEpubBubbles":false}		Omero, Iliade	Alessandro Baricco				Fiction		
8858828453	ISBN_10	288	BOOK	{"image":true,"text":true}	{"thumbnail":"http://books.google.com/books/content?id=Exn_DQAAQBAJ&printsec=frontcover&img=1&zoom=1&edge=curl&source=gbs_api","smallThumbnail":"http://books.google.com/books/content?id=Exn_DQAAQBAJ&printsec=frontcover&img=1&zoom=5&edge=curl&source=gbs_api"}	https://market.android.com/details?id=book-Exn_DQAAQBAJ	‟Tiepida la notte di maggio a Parigi, mille novecento tre.Dalle loro case, centomila parigini lasciarono a metà la notte, scolando in massa verso le stazioni di Saint-Lazare e Montparnasse, stazioni ferroviarie. Alcuni neanche andarono a dormire, altri puntarono la sveglia a un'ora assurda per poi scivolare via dal letto, lavarsi senza far rumore e sbattere nelle cose, cercando la giacca. In alcuni casi erano intere famiglie a venir via, ma per lo più furono singoli individui a intraprendere il viaggio, spesso contro ogni logica o buon senso. Le mogli, nel letto, poi, stiravano le gambe dalla parte adesso vuota. I genitori scambiavano due parole, dedotte dalla discussione del giorno prima, dei giorni prima, delle settimane prima. Erano incentrate sull'indipendenza dei figli. Il padre si alzava sul cuscino e guardava l'ora. Le due. Era un rumore molto strano perché centomila persone alle due di notte sono come un torrente che corre in un letto di nulla, spariti i sassi, muto il greto. Solo acqua contro acqua.” Questa storia è stato pubblicato per la prima volta da Fandango nel 2005.	https://play.google.com/store/books/details?id=Exn_DQAAQBAJ&source=gbs_api	http://books.google.it/books?id=Exn_DQAAQBAJ&printsec=frontcover&dq=Alessandro+Baricco&hl=&cd=7&source=gbs_api		Feltrinelli Editore		115	it	true	NOT_MATURE	1.4.5.0.preview.3	2014-03-01T00:00:00+01:00	{"containsImageBubbles":false,"containsEpubBubbles":false}		Questa storia	Alessandro Baricco				Fiction		
8858828747	ISBN_10	272	BOOK	{"image":true,"text":true}	{"thumbnail":"http://books.google.com/books/content?id=JGgHDgAAQBAJ&printsec=frontcover&img=1&zoom=1&edge=curl&source=gbs_api","smallThumbnail":"http://books.google.com/books/content?id=JGgHDgAAQBAJ&printsec=frontcover&img=1&zoom=5&edge=curl&source=gbs_api"}	https://market.android.com/details?id=book-JGgHDgAAQBAJ	‟Questo libro è costruito come una città, come l'idea di una città. Mi piaceva che il titolo lo dicesse. Adesso lo dice. Le storie sono quartieri, i personaggi sono strade. Il resto è tempo che passa, voglia di vagabondare e bisogno di guardare. Ci ho viaggiato per tre anni, in City. Il lettore, se vorrà, potrà rifare la mia strada. È il bello, e il difficile, di tutti i libri: si può viaggiare nel viaggio di un altro?Quanto ai personaggi – alle strade – c'è un po' di tutto. Ci sono uno che è un gigante, uno che è muto, un barbiere che il giovedì taglia i capelli gratis, un generale dell'esercito, molti professori, gente che gioca a pallone, un bambino nero che tira a canestro e ci becca sempre. Gente così.”Alessandro Baricco‟– Allora, signor Klauser, deve morire Mami Jane?– Che vadano tutti a cagare.– È un sì o un no?– Lei che ne dice?Nell'ottobre del 1987, la Crb – casa editrice da ventidue anni delle avventure del mitico Ballon Mac – decise di indire un referendum tra i suoi lettori per stabilire se fosse il caso di far morire Mami Jane.”	https://play.google.com/store/books/details?id=JGgHDgAAQBAJ&source=gbs_api	http://books.google.it/books?id=JGgHDgAAQBAJ&printsec=frontcover&dq=Alessandro+Baricco&hl=&cd=8&source=gbs_api		Feltrinelli Editore		123	it	false	NOT_MATURE	1.3.3.0.preview.3	2013-06-04T00:00:00+02:00	{"containsImageBubbles":false,"containsEpubBubbles":false}		City	Alessandro Baricco				Fiction		
886715284X	ISBN_10	560	BOOK	{"image":true,"text":true}	{"thumbnail":"http://books.google.com/books/content?id=IS3pIuGrIrsC&printsec=frontcover&img=1&zoom=1&edge=curl&source=gbs_api","smallThumbnail":"http://books.google.com/books/content?id=IS3pIuGrIrsC&printsec=frontcover&img=1&zoom=5&edge=curl&source=gbs_api"}	https://market.android.com/details?id=book-IS3pIuGrIrsC	A chi la visitasse per la prima volta, Pagford apparirebbe come un’idilliaca cittadina inglese. Un gioiello incastonato tra verdi colline, con un’antica abbazia, una piazza lastricata di ciottoli, case eleganti e prati ordinatamente falciati. Ma sotto lo smalto perfetto di questo villaggio di provincia si nascondono ipocrisia, rancori e tradimenti. Tutti a Pagford, dietro le tende ben tirate delle loro case, sembrano aver intrapreso una guerra personale e universale: figli contro genitori, mogli contro mariti, benestanti contro emarginati. La morte di Barry Fairbrother, il consigliere più amato e odiato della città, porta alla luce il vero cuore di Pagford e dei suoi abitanti: la lotta per il suo posto all’interno dell’amministrazione locale è un terremoto che sbriciola le fondamenta, che rimescola divisioni e alleanze. Eppure, dalla crisi totale, dalla distruzione di certezze e valori, ecco emergere una verità spiazzante, ironica, purificatrice: che la vita è imprevedibile e spietata, e affrontarla con coraggio è l’unico modo per non farsi travolgere, oltre che dalle sue tragedie, anche dal ridicolo. J.K. Rowling firma un romanzo forte e disarmante sulla società contemporanea, una commedia aspra e commovente sulla nozione di impegno e responsabilità. In questo libro di conflitti generazionali e riscatti le trame si intrecciano in modo magistrale e i personaggi rimangono impressi come un marchio a fuoco. Farà arrabbiare, farà piangere, farà ridere, ma non si potrà distoglierne lo sguardo, perché Pagford, con tutte le sue contraddizioni e le sue bassezze, è una realtà così vicina, così conosciuta, da non lasciare nessuno indifferente.	https://play.google.com/store/books/details?id=IS3pIuGrIrsC&source=gbs_api	http://books.google.it/books?id=IS3pIuGrIrsC&printsec=frontcover&dq=J.K.+Rowling&hl=&cd=2&source=gbs_api	5	Salani	1	137	it	true	NOT_MATURE	4.67.59.0.preview.3	2012-12-06T00:00:00+01:00	{"containsImageBubbles":false,"containsEpubBubbles":false}		Il seggio vacante	J.K. Rowling				Fiction		
8874883390	ISBN_10	176	BOOK	{"image":true,"text":false}	{"thumbnail":"http://books.google.com/books/content?id=BwxNBAAAQBAJ&printsec=frontcover&img=1&zoom=1&edge=curl&source=gbs_api","smallThumbnail":"http://books.google.com/books/content?id=BwxNBAAAQBAJ&printsec=frontcover&img=1&zoom=5&edge=curl&source=gbs_api"}	https://market.android.com/details?id=book-BwxNBAAAQBAJ	Questo testo raccoglie, raggruppati per argomento, una serie di esercizi assegnati nei temi d'esame dei corsi di Informatica 1, Informatica A e Fondamenti di Informatica al Politecnico di Milano, per i corsi di laurea in Ingegneria Informatica, Ingegneria dell'Automazione e Ingegneria Matematica.Il testo si rivolge principalmente agli studenti dei corsi erogati per la Laurea di Primo Livello (nelle discipline dell'Ingegneria dell'Informazione). Più in generale, però, crediamo che questo testo costituisca un pratico e rapido riferimento per chi, studiando la materia, voglia vedere esempi compatti di codice che risolvono problemi relativamente semplici, ma rappresentativi delle tipiche difficoltà che si presentano nella gestione di tutte le strutture dati più classiche. Il testo include anche una breve sezione dedicata alle basi di dati relazionali e al linguaggio SQL, argomento trattato o accennato in molti corsi di informatica di base. Per quanto riguarda le soluzioni proposte, è importante sottolineare che il progetto di una soluzione, per quanto a problemi molto semplici come quelli trattati in questo volume, non produce comunque mai risultati univoci, poiché risente inevitabilmente degli stili e delle preferenze dei singoli. Gli autori dichiarano pertanto sin d'ora che soluzioni presentate sono influenzate dal loro stile. Non sono certo le uniche soluzioni corrette, dunque; anzi, in vari casi tra i commenti alle soluzioni proposte sono discusse alcune soluzioni alternative, e a volte sono riportati alcuni errori comuni. In particolare, poi, si è cercato di mostrare soluzioni ricorsive a tutti i problemi per i quali questo potesse essere fatto in modo compatto e conciso, per contribuire a convincere gli studenti che la ricorsione è un paradigma di computazione generale, e non semplicemente una modalità di scansione di alcune particolari strutture dati. Per semplicità di consultazione, in tutto il volume i testi degli esercizi, riportati così come comparivano nei temi d'esame assegnati, sono racchiusi all'interno di riquadri. Le nostre soluzioni, invece, sono liberamente impaginate tra tali riquadri. Ringraziamo Davide Barbieri, Francesco Bruschi, Alessandro Campi, Carlo Alberto Furia e Gerardo Pelosi per i consigli, le idee e i suggerimenti trasferitici nel tempo in cui questo materiale è andato accumulandosi. Il testo riserva una particolare attenzione a temi "delicati" quali la ricorsione, i record di attivazione e la memoria dinamica. Include anche una breve sezione dedicata alle basi di dati relazionali e al linguaggio SQL, argomento trattato o accennato in molti corsi di informatica di base.	https://play.google.com/store/books/details?id=BwxNBAAAQBAJ&source=gbs_api	http://books.google.it/books?id=BwxNBAAAQBAJ&printsec=frontcover&dq=Fondamenti+di+Informatica&hl=&cd=3&source=gbs_api		Società Editrice Esculapio		167	it	true	NOT_MATURE	1.0.0.0.preview.1	2009-10-01	{"containsImageBubbles":false,"containsEpubBubbles":false}	Temi d'esame risolti	Fondamenti di Informatica	Daniele Braga	Davide Martinenghi			Computers		
888915926X	ISBN_10	60	BOOK	{"image":true,"text":false}	{"thumbnail":"http://books.google.com/books/content?id=lddEtPn0HJ0C&printsec=frontcover&img=1&zoom=1&edge=curl&source=gbs_api","smallThumbnail":"http://books.google.com/books/content?id=lddEtPn0HJ0C&printsec=frontcover&img=1&zoom=5&edge=curl&source=gbs_api"}	https://books.google.com/books/about/L_Odissea_Omero_per_gioco.html?hl=&id=lddEtPn0HJ0C		http://books.google.it/books?id=lddEtPn0HJ0C&dq=Odissea&hl=&source=gbs_api	http://books.google.it/books?id=lddEtPn0HJ0C&printsec=frontcover&dq=Odissea&hl=&cd=5&source=gbs_api		federighi editori		178	it	false	MATURE	preview-1.0.0	2010			L'Odissea. Omero per gioco	Cinzia Bigazzi				Juvenile Fiction		
8889418028	ISBN_10	84	BOOK	{"image":true,"text":false}	{"thumbnail":"http://books.google.com/books/content?id=lFk4KC76F8UC&printsec=frontcover&img=1&zoom=1&edge=curl&source=gbs_api","smallThumbnail":"http://books.google.com/books/content?id=lFk4KC76F8UC&printsec=frontcover&img=1&zoom=5&edge=curl&source=gbs_api"}	https://books.google.com/books/about/Il_mondo_sembra_l_eden.html?hl=&id=lFk4KC76F8UC		http://books.google.it/books?id=lFk4KC76F8UC&dq=Informatica+e+Mestieri&hl=&source=gbs_api	http://books.google.it/books?id=lFk4KC76F8UC&pg=PT79&dq=Informatica+e+Mestieri&hl=&cd=10&source=gbs_api	5	Associazione Akkuaria	1	164	it	false	NOT_MATURE	1.1.0.0.preview.1	2004			Il mondo sembra l'eden	Beatrice Gradassa				Poetry		
8891605050	ISBN_10	339	BOOK	{"image":true,"text":false}	{"thumbnail":"http://books.google.com/books/content?id=IUSvBAAAQBAJ&printsec=frontcover&img=1&zoom=1&edge=curl&source=gbs_api","smallThumbnail":"http://books.google.com/books/content?id=IUSvBAAAQBAJ&printsec=frontcover&img=1&zoom=5&edge=curl&source=gbs_api"}	https://books.google.com/books/about/Musica_informatica_Filosofia_storia_e_te.html?hl=&id=IUSvBAAAQBAJ		http://books.google.it/books?id=IUSvBAAAQBAJ&dq=Informatica+e+Mestieri&hl=&source=gbs_api	http://books.google.it/books?id=IUSvBAAAQBAJ&pg=PA183&dq=Informatica+e+Mestieri&hl=&cd=6&source=gbs_api		Maggioli Editore		160	it	false	NOT_MATURE	preview-1.0.0	2014			Musica informatica. Filosofia, storia e tecnologia della computer music	Leonello Tarabella				Computers		
8891605085	ISBN_10	730	BOOK	{"image":true,"text":false}	{"thumbnail":"http://books.google.com/books/content?id=0UGvBAAAQBAJ&printsec=frontcover&img=1&zoom=1&edge=curl&source=gbs_api","smallThumbnail":"http://books.google.com/books/content?id=0UGvBAAAQBAJ&printsec=frontcover&img=1&zoom=5&edge=curl&source=gbs_api"}	https://books.google.com/books/about/Concetti_di_informatica_e_fondamenti_di.html?hl=&id=0UGvBAAAQBAJ		http://books.google.it/books?id=0UGvBAAAQBAJ&dq=Fondamenti+di+Informatica&hl=&source=gbs_api	http://books.google.it/books?id=0UGvBAAAQBAJ&printsec=frontcover&dq=Fondamenti+di+Informatica&hl=&cd=5&source=gbs_api		Maggioli Editore		169	it	false	NOT_MATURE	preview-1.0.0	2014			Concetti di informatica e fondamenti di Python	Cay S. Horstmann	R. D. Necaise			Computers		
8891617377	ISBN_10	806	BOOK	{"image":true,"text":false}	{"thumbnail":"http://books.google.com/books/content?id=U9_MDAAAQBAJ&printsec=frontcover&img=1&zoom=1&edge=curl&source=gbs_api","smallThumbnail":"http://books.google.com/books/content?id=U9_MDAAAQBAJ&printsec=frontcover&img=1&zoom=5&edge=curl&source=gbs_api"}	https://books.google.com/books/about/Concetti_di_informatica_e_fondamenti_di.html?hl=&id=U9_MDAAAQBAJ		http://books.google.it/books?id=U9_MDAAAQBAJ&dq=Fondamenti+di+Informatica&hl=&source=gbs_api	http://books.google.it/books?id=U9_MDAAAQBAJ&printsec=frontcover&dq=Fondamenti+di+Informatica&hl=&cd=2&source=gbs_api		Maggioli Editore		166	it	false	NOT_MATURE	0.1.0.0.preview.1	2016	{"containsImageBubbles":false,"containsEpubBubbles":false}		Concetti di informatica e fondamenti di Java	Cay S. Horstmann				Computers		
8891765872	ISBN_10	177	BOOK	{"image":true,"text":false}	{"thumbnail":"http://books.google.com/books/content?id=4q1JDwAAQBAJ&printsec=frontcover&img=1&zoom=1&edge=curl&source=gbs_api","smallThumbnail":"http://books.google.com/books/content?id=4q1JDwAAQBAJ&printsec=frontcover&img=1&zoom=5&edge=curl&source=gbs_api"}	https://market.android.com/details?id=book-4q1JDwAAQBAJ	700.22	https://play.google.com/store/books/details?id=4q1JDwAAQBAJ&source=gbs_api	http://books.google.it/books?id=4q1JDwAAQBAJ&printsec=frontcover&dq=Fondamenti+di+Informatica&hl=&cd=1&source=gbs_api		FrancoAngeli		165	it	false	NOT_MATURE	preview-1.0.0	2018-01-30T00:00:00+01:00	{"containsImageBubbles":false,"containsEpubBubbles":false}	Fondamenti di informatica per la produzione e la gestione di flussi audio-video nella rete Internet	Comunicazioni multimediali	Marco Furini				Computers		
8895177002	ISBN_10	86	BOOK	{"image":true,"text":false}	{"thumbnail":"http://books.google.com/books/content?id=0Hx6cFIJLdEC&printsec=frontcover&img=1&zoom=1&edge=curl&source=gbs_api","smallThumbnail":"http://books.google.com/books/content?id=0Hx6cFIJLdEC&printsec=frontcover&img=1&zoom=5&edge=curl&source=gbs_api"}	https://books.google.com/books/about/L_Odissea_in_cucina_Ricette_e_curiosit%C3%A0.html?hl=&id=0Hx6cFIJLdEC		http://books.google.it/books?id=0Hx6cFIJLdEC&dq=Odissea&hl=&source=gbs_api	http://books.google.it/books?id=0Hx6cFIJLdEC&printsec=frontcover&dq=Odissea&hl=&cd=1&source=gbs_api		Il leone verde edizioni		174	it	false	NOT_MATURE	1.1.0.0.preview.1	2006			L'Odissea in cucina. Ricette e curiosità di un mitico viaggio	Anna Rita Zara				Cooking		
8899420033	ISBN_10		BOOK	{"image":true,"text":true}	{"thumbnail":"http://books.google.com/books/content?id=EyR4DAAAQBAJ&printsec=frontcover&img=1&zoom=1&edge=curl&source=gbs_api","smallThumbnail":"http://books.google.com/books/content?id=EyR4DAAAQBAJ&printsec=frontcover&img=1&zoom=5&edge=curl&source=gbs_api"}	https://market.android.com/details?id=book-EyR4DAAAQBAJ	L'Odissea è considerato fin dall'antichità opera di altissimo valore letterario e culturale. È il più grande e compiuto dei racconti dedicati ai "ritorni" degli eroi achei da Troia. L'ebook si apre su una breve biografia di Omero, l'autore al quale l'opera è attribuita; una dettagliata sintesi sulla struttura e la trama; una ricostruzione delle tappe del viaggio di Odisseo dalla partenza da Troia all'arrivo a Itaca. L'ebook sviluppa, per ogni singolo libro dei 24 di cui è composto il poema, riassunti dettagliati con particolare attenzione su personaggi, luoghi e accadimenti. L'eBook vuole essere un aiuto allo studio per tutti gli studenti delle scuole medie e superiori o per un rapido ripasso delle proprie reminiscenze storiche.	https://play.google.com/store/books/details?id=EyR4DAAAQBAJ&source=gbs_api	http://books.google.it/books?id=EyR4DAAAQBAJ&printsec=frontcover&dq=Odissea&hl=&cd=10&source=gbs_api		Studia Rapido		183	it	true	NOT_MATURE	1.1.1.0.preview.3	2016-06-21	{"containsImageBubbles":false,"containsEpubBubbles":false}	""	Odissea. Riassunto, personaggi, luoghi e fatti dell'opera di Omero	Studia Rapido				Poetry		
9635265018	ISBN_10	170	BOOK	{"image":true,"text":true}	{"thumbnail":"http://books.google.com/books/content?id=M_AOCgAAQBAJ&printsec=frontcover&img=1&zoom=1&edge=curl&source=gbs_api","smallThumbnail":"http://books.google.com/books/content?id=M_AOCgAAQBAJ&printsec=frontcover&img=1&zoom=5&edge=curl&source=gbs_api"}	https://market.android.com/details?id=book-M_AOCgAAQBAJ	L'Odissea e uno dei due grandi poemi epici greci attribuiti all'opera del poeta Omero. L'opera, insieme all'Iliade, viene composta nella Ionia d'Asia intorno al IX secolo a.C., anche se alcuni autori pensano che sia nata intorno al 720 a.C. L'originale piu antico dell'opera risale alla fine dell'VIII secolo a.C., ed e questo che il tiranno ateniese Pisistrato usa quando, nel VI secolo a.C., decide di uniformare e dare forma scritta ad un poema che fino ad allora si era tramandato quasi esclusivamente per forma orale. Quest'ultima forma, pero, continuera fino al III secolo d.C. in Egitto, con tutti i cambiamenti e le mutazioni inevitabili nella forma orale. l'Odissea appartiene al ciclo dei cosi detti "poemi del ritorno."	https://play.google.com/store/books/details?id=M_AOCgAAQBAJ&source=gbs_api	http://books.google.it/books?id=M_AOCgAAQBAJ&printsec=frontcover&dq=Odissea&hl=&cd=4&source=gbs_api		Booklassic		177	it	false	NOT_MATURE	1.3.4.0.preview.3	2015-06-29	{"containsImageBubbles":false,"containsEpubBubbles":false}		Odissea	Homer				Poetry		
9780313322051	ISBN_13	141	BOOK	{"image":true,"text":true}	{"thumbnail":"http://books.google.com/books/content?id=GJgbW9c9mpwC&printsec=frontcover&img=1&zoom=1&edge=curl&source=gbs_api","smallThumbnail":"http://books.google.com/books/content?id=GJgbW9c9mpwC&printsec=frontcover&img=1&zoom=5&edge=curl&source=gbs_api"}	https://market.android.com/details?id=book-GJgbW9c9mpwC	This unofficial biographical study of J. K. Rowling invites fans and critics alike to take a close look at the person behind the phenomenon.	https://play.google.com/store/books/details?id=GJgbW9c9mpwC&source=gbs_api	http://books.google.it/books?id=GJgbW9c9mpwC&printsec=frontcover&dq=J.K.+Rowling&hl=&cd=4&source=gbs_api	4	Greenwood Publishing Group	6	139	en	false	NOT_MATURE	0.0.1.0.preview.3	2003-01-01		A Biography	J.K. Rowling	Connie Ann Kirk				Biography & Autobiography		
9780823937745	ISBN_13	112	BOOK	{"image":true,"text":true}	{"thumbnail":"http://books.google.com/books/content?id=WzUkCza_0Q8C&printsec=frontcover&img=1&zoom=1&edge=curl&source=gbs_api","smallThumbnail":"http://books.google.com/books/content?id=WzUkCza_0Q8C&printsec=frontcover&img=1&zoom=5&edge=curl&source=gbs_api"}	https://books.google.com/books/about/J_K_Rowling.html?hl=&id=WzUkCza_0Q8C	Discusses the life, novels, and writing habits of J.K. Rowling, author of the popular "Harry Potter" novels.	http://books.google.it/books?id=WzUkCza_0Q8C&dq=J.K.+Rowling&hl=&source=gbs_api	http://books.google.it/books?id=WzUkCza_0Q8C&printsec=frontcover&dq=J.K.+Rowling&hl=&cd=5&source=gbs_api	4	The Rosen Publishing Group	1	140	en	false	NOT_MATURE	0.0.3.0.preview.3	2003			J.K. Rowling	William Compson				Juvenile Nonfiction		
9781404255357	ISBN_13	24	BOOK	{"image":true,"text":false}	{"thumbnail":"http://books.google.com/books/content?id=7DmPf5MFNVcC&printsec=frontcover&img=1&zoom=1&edge=curl&source=gbs_api","smallThumbnail":"http://books.google.com/books/content?id=7DmPf5MFNVcC&printsec=frontcover&img=1&zoom=5&edge=curl&source=gbs_api"}	https://books.google.com/books/about/Meet_J_K_Rowling.html?hl=&id=7DmPf5MFNVcC	An easy-to-read biography of J. K. Rowling, the English author of the popular Harry Potter series of children's books.	http://books.google.it/books?id=7DmPf5MFNVcC&dq=J.K.+Rowling&hl=&source=gbs_api	http://books.google.it/books?id=7DmPf5MFNVcC&printsec=frontcover&dq=J.K.+Rowling&hl=&cd=3&source=gbs_api	5	The Rosen Publishing Group, Inc	1	138	en	false	NOT_MATURE	0.2.3.0.preview.1	2005-12-15	{"containsImageBubbles":false,"containsEpubBubbles":false}		Meet J.K. Rowling	S. Ward				Biography & Autobiography		
9781590189634	ISBN_13	104	BOOK	{"image":false,"text":false}	{"thumbnail":"http://books.google.com/books/content?id=fx_fAQAACAAJ&printsec=frontcover&img=1&zoom=1&source=gbs_api","smallThumbnail":"http://books.google.com/books/content?id=fx_fAQAACAAJ&printsec=frontcover&img=1&zoom=5&source=gbs_api"}	https://books.google.com/books/about/J_K_Rowling.html?hl=&id=fx_fAQAACAAJ	Profiles the author of the series of books starring the character Harry Potter, including her struggles as a single mother and her inspiration for the novels.	http://books.google.it/books?id=fx_fAQAACAAJ&dq=J.K.+Rowling&hl=&source=gbs_api	http://books.google.it/books?id=fx_fAQAACAAJ&dq=J.K.+Rowling&hl=&cd=7&source=gbs_api				142	en	false	NOT_MATURE	preview-1.0.0	2006-11-01	{"containsImageBubbles":false,"containsEpubBubbles":false}		J. K. Rowling	Bradley Steffens				Juvenile Nonfiction		
9781616135171	ISBN_13	112	BOOK	{"image":true,"text":true}	{"thumbnail":"http://books.google.com/books/content?id=RHkYTHluPOsC&printsec=frontcover&img=1&zoom=1&edge=curl&source=gbs_api","smallThumbnail":"http://books.google.com/books/content?id=RHkYTHluPOsC&printsec=frontcover&img=1&zoom=5&edge=curl&source=gbs_api"}	https://books.google.com/books/about/J_K_Rowling_Extraordinary_Author.html?hl=&id=RHkYTHluPOsC	Examines the remarkable life of J. K. Rowling, including her family background, childhood, education, and work as the world-famous author of the Harry Potter series.	http://books.google.it/books?id=RHkYTHluPOsC&dq=J.K.+Rowling&hl=&source=gbs_api	http://books.google.it/books?id=RHkYTHluPOsC&printsec=frontcover&dq=J.K.+Rowling&hl=&cd=9&source=gbs_api	5	ABDO	1	143	en	false	NOT_MATURE	0.1.4.0.preview.3	2010			J.K. Rowling, Extraordinary Author	Victoria Peterson-Hilleque				Juvenile Nonfiction		
9788804627937	ISBN_13	1479	BOOK	{"image":false,"text":false}	{"thumbnail":"http://books.google.com/books/content?id=fmXFNAEACAAJ&printsec=frontcover&img=1&zoom=1&source=gbs_api","smallThumbnail":"http://books.google.com/books/content?id=fmXFNAEACAAJ&printsec=frontcover&img=1&zoom=5&source=gbs_api"}	https://books.google.com/books/about/Le_indagini_di_Robert_Langdon_Angeli_e_d.html?hl=&id=fmXFNAEACAAJ		http://books.google.it/books?id=fmXFNAEACAAJ&dq=Dan+Brown&hl=&source=gbs_api	http://books.google.it/books?id=fmXFNAEACAAJ&dq=Dan+Brown&hl=&cd=7&source=gbs_api				151	it	false	NOT_MATURE	preview-1.0.0	2013			Le indagini di Robert Langdon: Angeli e demoni-Il Codice da Vinci-Il simbolo perduto	Dan Brown				Fiction		
9788808167606	ISBN_13	360	BOOK	{"image":false,"text":false}	{"thumbnail":"http://books.google.com/books/content?id=sZ8UGQAACAAJ&printsec=frontcover&img=1&zoom=1&source=gbs_api","smallThumbnail":"http://books.google.com/books/content?id=sZ8UGQAACAAJ&printsec=frontcover&img=1&zoom=5&source=gbs_api"}	https://books.google.com/books/about/Fondamenti_di_informatica.html?hl=&id=sZ8UGQAACAAJ		http://books.google.it/books?id=sZ8UGQAACAAJ&dq=Fondamenti+di+Informatica&hl=&source=gbs_api	http://books.google.it/books?id=sZ8UGQAACAAJ&dq=Fondamenti+di+Informatica&hl=&cd=6&source=gbs_api				170	it	false	NOT_MATURE	preview-1.0.0	2006			Fondamenti di informatica					Computers		
9788838661167	ISBN_13	576	BOOK	{"image":false,"text":false}	{"thumbnail":"http://books.google.com/books/content?id=6WiaAAAACAAJ&printsec=frontcover&img=1&zoom=1&source=gbs_api","smallThumbnail":"http://books.google.com/books/content?id=6WiaAAAACAAJ&printsec=frontcover&img=1&zoom=5&source=gbs_api"}	https://books.google.com/books/about/Fondamenti_di_informatica_Oggetti_e_Java.html?hl=&id=6WiaAAAACAAJ		http://books.google.it/books?id=6WiaAAAACAAJ&dq=Fondamenti+di+Informatica&hl=&source=gbs_api	http://books.google.it/books?id=6WiaAAAACAAJ&dq=Fondamenti+di+Informatica&hl=&cd=9&source=gbs_api		McGraw-Hill Education		172	en	false	NOT_MATURE	preview-1.0.0	2004			Fondamenti di informatica. Oggetti e Java	Luca Cabibbo				Computers		
9788838668487	ISBN_13	552	BOOK	{"image":false,"text":false}	{"thumbnail":"http://books.google.com/books/content?id=eNb1nQEACAAJ&printsec=frontcover&img=1&zoom=1&source=gbs_api","smallThumbnail":"http://books.google.com/books/content?id=eNb1nQEACAAJ&printsec=frontcover&img=1&zoom=5&source=gbs_api"}	https://books.google.com/books/about/Informatica_arte_e_mestiere.html?hl=&id=eNb1nQEACAAJ		http://books.google.it/books?id=eNb1nQEACAAJ&dq=Informatica+e+Mestieri&hl=&source=gbs_api	http://books.google.it/books?id=eNb1nQEACAAJ&dq=Informatica+e+Mestieri&hl=&cd=8&source=gbs_api				162	it	false	NOT_MATURE	preview-1.0.0	2014			Informatica: arte e mestiere					Computers		
9788846451576	ISBN_13	220	BOOK	{"image":true,"text":false}	{"thumbnail":"http://books.google.com/books/content?id=alh1kTF-4mwC&printsec=frontcover&img=1&zoom=1&edge=curl&source=gbs_api","smallThumbnail":"http://books.google.com/books/content?id=alh1kTF-4mwC&printsec=frontcover&img=1&zoom=5&edge=curl&source=gbs_api"}	https://books.google.com/books/about/Saperi_e_mestieri_dell_industria_cultura.html?hl=&id=alh1kTF-4mwC		http://books.google.it/books?id=alh1kTF-4mwC&dq=Informatica+e+Mestieri&hl=&source=gbs_api	http://books.google.it/books?id=alh1kTF-4mwC&pg=PA42&dq=Informatica+e+Mestieri&hl=&cd=1&source=gbs_api		FrancoAngeli		155	it	false	NOT_MATURE	0.1.1.0.preview.1	2003			Saperi e mestieri dell'industria culturale	Laura Bovone	Emanuela Mora			Social Science		
9788846467096	ISBN_13	346	BOOK	{"image":true,"text":false}	{"thumbnail":"http://books.google.com/books/content?id=BXZzTl9_MpEC&printsec=frontcover&img=1&zoom=1&edge=curl&source=gbs_api","smallThumbnail":"http://books.google.com/books/content?id=BXZzTl9_MpEC&printsec=frontcover&img=1&zoom=5&edge=curl&source=gbs_api"}	https://books.google.com/books/about/I_mestieri_del_patrimonio.html?hl=&id=BXZzTl9_MpEC		http://books.google.it/books?id=BXZzTl9_MpEC&dq=Informatica+e+Mestieri&hl=&source=gbs_api	http://books.google.it/books?id=BXZzTl9_MpEC&pg=PA64&dq=Informatica+e+Mestieri&hl=&cd=4&source=gbs_api		FrancoAngeli		158	it	false	NOT_MATURE	preview-1.0.0	2005		professioni e mercato del lavoro nei beni culturali in Italia	I mestieri del patrimonio	Emilio Cabasino				Business & Economics		
9788846478931	ISBN_13	224	BOOK	{"image":true,"text":false}	{"thumbnail":"http://books.google.com/books/content?id=z3ppwDYm_ZkC&printsec=frontcover&img=1&zoom=1&edge=curl&source=gbs_api","smallThumbnail":"http://books.google.com/books/content?id=z3ppwDYm_ZkC&printsec=frontcover&img=1&zoom=5&edge=curl&source=gbs_api"}	https://books.google.com/books/about/Fondamenti_di_informatica_per_la_progett.html?hl=&id=z3ppwDYm_ZkC		http://books.google.it/books?id=z3ppwDYm_ZkC&dq=Fondamenti+di+Informatica&hl=&source=gbs_api	http://books.google.it/books?id=z3ppwDYm_ZkC&printsec=frontcover&dq=Fondamenti+di+Informatica&hl=&cd=4&source=gbs_api		FrancoAngeli		168	it	false	NOT_MATURE	0.0.1.0.preview.1	2006			Fondamenti di informatica per la progettazione multimediale. Dai linguaggi formali all'inclusione digitale	Marco Padula	Amanda Reggiori			Education		
9788846485687	ISBN_13	127	BOOK	{"image":true,"text":false}	{"thumbnail":"http://books.google.com/books/content?id=uj3mJ62LHdEC&printsec=frontcover&img=1&zoom=1&edge=curl&source=gbs_api","smallThumbnail":"http://books.google.com/books/content?id=uj3mJ62LHdEC&printsec=frontcover&img=1&zoom=5&edge=curl&source=gbs_api"}	https://books.google.com/books/about/L_informatico_e_la_badante.html?hl=&id=uj3mJ62LHdEC		http://books.google.it/books?id=uj3mJ62LHdEC&dq=Informatica+e+Mestieri&hl=&source=gbs_api	http://books.google.it/books?id=uj3mJ62LHdEC&pg=PA130&dq=Informatica+e+Mestieri&hl=&cd=2&source=gbs_api		FrancoAngeli		156	it	false	NOT_MATURE	0.1.1.0.preview.1	2007		professioni che partecipano al banchetto della globalizzazione e professioni che servono a tavola : quello che i giovani devono sapere per affrontare il futuro	L'informatico e la badante	Nicola Cacace				Business & Economics		
9788846487452	ISBN_13	184	BOOK	{"image":true,"text":false}	{"thumbnail":"http://books.google.com/books/content?id=hjJAUUI5rIMC&printsec=frontcover&img=1&zoom=1&edge=curl&source=gbs_api","smallThumbnail":"http://books.google.com/books/content?id=hjJAUUI5rIMC&printsec=frontcover&img=1&zoom=5&edge=curl&source=gbs_api"}	https://books.google.com/books/about/Ulisse_e_l_altro.html?hl=&id=hjJAUUI5rIMC		http://books.google.it/books?id=hjJAUUI5rIMC&dq=Odissea&hl=&source=gbs_api	http://books.google.it/books?id=hjJAUUI5rIMC&printsec=frontcover&dq=Odissea&hl=&cd=9&source=gbs_api		FrancoAngeli		182	it	false	NOT_MATURE	preview-1.0.0	2007		itinerari della differenza nell'Odissea	Ulisse e l'altro	Dario Costantino				Education		
9788872924143	ISBN_13	95	BOOK	{"image":true,"text":false}	{"thumbnail":"http://books.google.com/books/content?id=wAw-a2kewncC&printsec=frontcover&img=1&zoom=1&edge=curl&source=gbs_api","smallThumbnail":"http://books.google.com/books/content?id=wAw-a2kewncC&printsec=frontcover&img=1&zoom=5&edge=curl&source=gbs_api"}	https://books.google.com/books/about/Industrie_e_mestieri.html?hl=&id=wAw-a2kewncC		http://books.google.it/books?id=wAw-a2kewncC&dq=Informatica+e+Mestieri&hl=&source=gbs_api	http://books.google.it/books?id=wAw-a2kewncC&pg=PA91&dq=Informatica+e+Mestieri&hl=&cd=3&source=gbs_api		Fratelli Alinari spa		157	it	false	NOT_MATURE	preview-1.0.0	2002		il percorso produttivo dell'economia	Industrie e mestieri	Stefano Cordero Di Montezemolo				Photography		
9788883583988	ISBN_13	128	BOOK	{"image":true,"text":false}	{"thumbnail":"http://books.google.com/books/content?id=K5n7tnLRE_wC&printsec=frontcover&img=1&zoom=1&edge=curl&source=gbs_api","smallThumbnail":"http://books.google.com/books/content?id=K5n7tnLRE_wC&printsec=frontcover&img=1&zoom=5&edge=curl&source=gbs_api"}	https://market.android.com/details?id=book-K5n7tnLRE_wC		https://play.google.com/store/books/details?id=K5n7tnLRE_wC&source=gbs_api	http://books.google.it/books?id=K5n7tnLRE_wC&pg=PA39&dq=Informatica+e+Mestieri&hl=&cd=5&source=gbs_api		Armando Editore		159	it	false	NOT_MATURE	preview-1.0.0	2002			Dimenticare Barbiana. Un'indagine sull'insuccesso e sull'abbandono scolastico in Italia	Roberto Fini				Education		
IBNN:BN000349125	OTHER	426	BOOK	{"image":true,"text":false}	{"thumbnail":"http://books.google.com/books/content?id=3CcFQm-dpGQC&printsec=frontcover&img=1&zoom=1&edge=curl&source=gbs_api","smallThumbnail":"http://books.google.com/books/content?id=3CcFQm-dpGQC&printsec=frontcover&img=1&zoom=5&edge=curl&source=gbs_api"}	https://market.android.com/details?id=book-3CcFQm-dpGQC		https://play.google.com/store/books/details?id=3CcFQm-dpGQC&source=gbs_api	http://books.google.it/books?id=3CcFQm-dpGQC&pg=PP1&dq=Odissea&hl=&cd=8&source=gbs_api				181	it	false	NOT_MATURE	1.1.1.0.full.1	1871	{"containsImageBubbles":false,"containsEpubBubbles":false}		Odissea di Omero	Homerus						
IND:39000000272596	OTHER	111	BOOK	{"image":false,"text":false}	{"thumbnail":"http://books.google.com/books/content?id=ZXHuAAAAMAAJ&printsec=frontcover&img=1&zoom=1&source=gbs_api","smallThumbnail":"http://books.google.com/books/content?id=ZXHuAAAAMAAJ&printsec=frontcover&img=1&zoom=5&source=gbs_api"}	https://books.google.com/books/about/Professioni_e_mestieri_del_2000.html?hl=&id=ZXHuAAAAMAAJ		http://books.google.it/books?id=ZXHuAAAAMAAJ&dq=Informatica+e+Mestieri&hl=&source=gbs_api	http://books.google.it/books?id=ZXHuAAAAMAAJ&q=Informatica+e+Mestieri&dq=Informatica+e+Mestieri&hl=&cd=7&source=gbs_api				161	it	false	NOT_MATURE	1.1.1.0.preview.0	1983		rapporto sui cambiamenti, sull'occupazione, sulla formazione in Europa	Professioni e mestieri del 2000	Nicola Cacace				Employment forecasting		
OCLC:731444117	OTHER		BOOK	{"image":false,"text":false}		https://books.google.com/books/about/Diploma_universitario_in_informatica_5.html?hl=&id=QTDLtQEACAAJ		http://books.google.it/books?id=QTDLtQEACAAJ&dq=Fondamenti+di+Informatica&hl=&source=gbs_api	http://books.google.it/books?id=QTDLtQEACAAJ&dq=Fondamenti+di+Informatica&hl=&cd=10&source=gbs_api				173	en	false	NOT_MATURE	preview-1.0.0	1987		fondamenti di informatica	Diploma universitario in informatica 5	Consorzio per l'Università a Distanza (Rende)						
OCLC:956218273	OTHER		BOOK	{"image":false,"text":false}		https://books.google.com/books/about/Fondamenti_di_informatica_A.html?hl=&id=LkzpAQAACAAJ		http://books.google.it/books?id=LkzpAQAACAAJ&dq=Fondamenti+di+Informatica&hl=&source=gbs_api	http://books.google.it/books?id=LkzpAQAACAAJ&dq=Fondamenti+di+Informatica&hl=&cd=7&source=gbs_api				171	it	false	NOT_MATURE	preview-1.0.0	1999	{"containsImageBubbles":false,"containsEpubBubbles":false}	raccolta a stampa del materiale impiegato durante il corso 1999-2000	Fondamenti di informatica A							
ONB:+Z19795140X	OTHER		BOOK	{"image":true,"text":false}	{"thumbnail":"http://books.google.com/books/content?id=3llfAAAAcAAJ&printsec=frontcover&img=1&zoom=1&edge=curl&source=gbs_api","smallThumbnail":"http://books.google.com/books/content?id=3llfAAAAcAAJ&printsec=frontcover&img=1&zoom=5&edge=curl&source=gbs_api"}	https://market.android.com/details?id=book-3llfAAAAcAAJ		https://play.google.com/store/books/details?id=3llfAAAAcAAJ&source=gbs_api	http://books.google.it/books?id=3llfAAAAcAAJ&printsec=frontcover&dq=Odissea&hl=&cd=7&source=gbs_api				180	it	false	NOT_MATURE	0.3.3.0.full.1	1823	{"containsImageBubbles":false,"containsEpubBubbles":false}		Odissea D'Omero Nuovamente Tradotto In Ottava Rima Dall'Abate Eustachio Fiocchi	Homerus						
UOM:39015056886354	OTHER	114	BOOK	{"image":false,"text":false}	{"thumbnail":"http://books.google.com/books/content?id=0SddAAAAMAAJ&printsec=frontcover&img=1&zoom=1&source=gbs_api","smallThumbnail":"http://books.google.com/books/content?id=0SddAAAAMAAJ&printsec=frontcover&img=1&zoom=5&source=gbs_api"}	https://books.google.com/books/about/Alessandro_Baricco.html?hl=&id=0SddAAAAMAAJ		http://books.google.it/books?id=0SddAAAAMAAJ&dq=Alessandro+Baricco&hl=&source=gbs_api	http://books.google.it/books?id=0SddAAAAMAAJ&q=Alessandro+Baricco&dq=Alessandro+Baricco&hl=&cd=9&source=gbs_api		Cierre Edizioni		124	it	false	NOT_MATURE	0.0.1.0.preview.0	2001			Alessandro Baricco	Claudio Pezzin				Literary Criticism		
UOM:39015073933270	OTHER	222	BOOK	{"image":false,"text":false}	{"thumbnail":"http://books.google.com/books/content?id=kRpoAAAAMAAJ&printsec=frontcover&img=1&zoom=1&source=gbs_api","smallThumbnail":"http://books.google.com/books/content?id=kRpoAAAAMAAJ&printsec=frontcover&img=1&zoom=5&source=gbs_api"}	https://books.google.com/books/about/Omero_Odissea.html?hl=&id=kRpoAAAAMAAJ		http://books.google.it/books?id=kRpoAAAAMAAJ&dq=Odissea&hl=&source=gbs_api	http://books.google.it/books?id=kRpoAAAAMAAJ&q=Odissea&dq=Odissea&hl=&cd=3&source=gbs_api		Edisud Salerno		176	it	false	NOT_MATURE	0.1.1.0.preview.0	2007			Omero, Odissea	Alberto Granese				Literary Criticism		
